Title,Citation (APA),Year,XR Medium [AR/AV/VR],Target User [performer/audience/composer/student/teacher/sound engineer/developer],Social Experience [individual/multi-user],Primary Function [entertainment/performance/education/composition/sound engineering/perception study],Application level [applicative/theoretical],Connectivity [standalone/networked]
3D interaction techniques for musical expression,"Berthaut, F. (2020). 3D interaction techniques for musical expression. Journal of New Music Research, 49(1), 60-72.",2020,VR,developer,-,development,theoretical,-
A novel approach to learning music and piano based on mixed reality and gamification,"Molero, D., Schez-Sobrino, S., Vallejo, D., Glez-Morcillo, C., & Albusac, J. (2020). A novel approach to learning music and piano based on mixed reality and gamification. Multimedia Tools and Applications, 1-22.",2020,AR,student,individual,education,applicative,standalone
Action scores and gesture-based notation in Augmented Reality,"G.Santini (2020) Action scores and gesture-based notation in Augmented Reality. Proceedings of the International Conference on Technologies for Music Notation and Representation (TENOR), pp. 84-90",2020,AR,composer,individual,compositon,applicative,standalone
Affordances and Constraints of Modular Synthesis in Virtual Reality,"Wakefield, G., Palumbo, M., & Zonta, A. Affordances and Constraints of Modular Synthesis in Virtual Reality. NIME, 2020",2020,VR,developer,multi-user,development,applicative,networked
Are you there? : A Literature Review of Presence for Immersive Music Reproduction,"Kelly, J., Woszczyk, W., & King, R. (2020, October). Are you there?: A Literature Review of Presence for Immersive Music Reproduction. In Audio Engineering Society Convention 149. Audio Engineering Society.",2020,VR/AV,developer,-,development,theoretical,-
ARLooper: Collaborative Audiovisual Experience with Mobile Devices in a Shared Augmented Reality Space,"Park, S. (2020). ARLooper: Collaborative Audiovisual Experience with Mobile Devices in a Shared Augmented Reality Space. In Extended Abstracts of the 2020 CHI Conference on Human Factors in Computing Systems (pp. 1-4).",2020,AR,performer,multi-user,entertainment/performance,applicative,networked
Assessing the Role of Virtual Reality with Passive Haptics in Music Conductor Education: A Pilot Study,"Barmpoutis, A., Faris, R., Garcia, L., Gruber, L., Li, J., Peralta, F., & Zhang, M. (2020, July). Assessing the Role of Virtual Reality with Passive Haptics in Music Conductor Education: A Pilot Study. In International Conference on Human-Computer Interaction (pp. 275-285). Springer, Cham.",2020,VR,student,individual,education,applicative,standalone
Audio-first VR: New perspectives on musical experiences in virtual environments,"Çamcı, A., & Hamilton, R. (2020). Audio-first VR: New perspectives on musical experiences in virtual environments. Journal of New Music Research, 49(1), 1-7.",2020,VR/AR,developer,-,development,theoretical,-
Augmented and Virtual Reality Web Applications for Music Stage Performance,"Petrović, N. (2020, September). Augmented and Virtual Reality Web Applications for Music Stage Performance. In 2020 55th International Scientific Conference on Information, Communication and Energy Systems and Technologies (ICEST) (pp. 33-36). IEEE.",2020,VR/AR,developer,-,development,applicative,-
Augmented Piano in Augmented Reality,"Santini, G. Augmented Piano in Augmented Reality. NIME, 2020",2020,AR,performer,individual,performance,applicative,standalone
Augmented Reality for DAW-Based Spatial Audio Creation Using Smartphones.,"Cassorla, A. M., Kearney, G., Hunt, A., Riaz, H., Stiles, M., & Murphy, D. T. (2020, May). Augmented Reality for DAW-Based Spatial Audio Creation Using Smartphones. In Audio Engineering Society Convention 148. Audio Engineering Society.",2020,AR,sound engineer,individual,sound engineering,applicative,standalone
Augmented Reality to Facilitate Learning of the Acoustic Guitar,"Martin-Gutierrez, J., Del Rio Guerra, M. S., Lopez-Chao, V., Soto Gastelum, R. H., & Valenzuela Bojórquez, J. F. (2020). Augmented Reality to Facilitate Learning of the Acoustic Guitar. Applied Sciences, 10(7), 2425.",2020,AR,student ,individual,education,applicative,standalone
Back to the Future and Forward to the Past: Zukunftsmusik and the aesthetics of immersive classical music experience,"Kallionpää, M., & Gasselseder, H. P. (2020). Back to the Future and Forward to the Past: Zukunftsmusik and the aesthetics of immersive classical music experience. Proceedings of EVA London 2020 30, 112-119.",2020,VR,-,-,-,theoretical,-
Blocking gamelan instruments frequency in virtual reality,"Setiyawan, C. F., & Shobri, M. (2020, June). Blocking gamelan instruments frequency in virtual reality. In International Workshop on Advanced Imaging Technology (IWAIT) 2020 (Vol. 11515, p. 1151526). International Society for Optics and Photonics.",2020,VR,performer,individual,performance,applicative,standalone
Composition as an Embodied Act: a Framework for the Gesture-based Creation of Augmented Reality Action Scores,"Santini, G. Composition as an Embodied Act: a Framework for the Gesture-based Creation of Augmented Reality Action Scores.",2020,AR,composer,-,composition,theoretical,-
Concordia: A musical XR instrument for playing the solar system,"Snook, K., Barri, T., Bolles, M., Ericson, P., Fravel, C., Goßmann, J., ... & Thomas, R. (2020). Concordia: A musical XR instrument for playing the solar system. Journal of New Music Research, 49(1), 88-103.",2020,VR,performer,individual,performance,applicative,standalone
Cross-platform and Cross-reality Design of Immersive Sonic Environments,"A. Willette, N. Gargi, E. Kim, J. Xu, T. Lai and A. Çamcı.  Cross-platform and Cross-reality Design of Immersive Sonic Environments. NIME, 2020",2020,VR,developer,individual,development,applicative,standalone
Curating Perspectives: Incorporating Virtual Reality into Laptop Orchestra Performance,"Atherton, J., & Wang, G. Curating Perspectives: Incorporating Virtual Reality into Laptop Orchestra Performance. NIME. 2020",2020,VR,performer,multi-user,performance,theoretical,networked
Cyberdreams: Visualizing Music in Extended Reality,"Weinel, J. (2020). Cyberdreams: Visualizing Music in Extended Reality. In Technology, Design and the Arts-Opportunities and Challenges (pp. 209-227). Springer, Cham.",2020,VR,audience,individual,entertainment/performance,applicative,standalone
Developing immersive VR experience for visualizing cross-cultural relationships in music,"Ganguli, K. K., Gomez, O., Kuzmenko, L., & Guedes, C. (2020, March). Developing immersive VR experience for visualizing cross-cultural relationships in music. In 2020 IEEE Conference on Virtual Reality and 3D User Interfaces Abstracts and Workshops (VRW) (pp. 401-406). IEEE.",2020,VR,audience,individual,entertainment,applicative,standalone
Developing Music Harmony Awareness in Young Students Through an Augmented Reality Approach,"Avanzini, F., Barate, A., Mauro, C., Ludovico, L. A., & Marcella, M. (2020). Developing Music Harmony Awareness in Young Students Through an Augmented Reality Approach. In International Conference on Computer-Human Interaction Research and Applications (pp. 56-63). SCITEPRESS-Science and Technology Publications, Lda..",2020,AR,student,individual,education,applicative,standalone
DigiDrum: A Haptic-based Virtual Reality Musical Instrument and a Case Study,"Willemsen, S., Horvath, A. S., & Nascimben, M. (2020). DigiDrum: A Haptic-based Virtual Reality Musical Instrument and a Case Study. In Proceedings of the 17th Sound and Music Computing Conference (pp. 292-299).",2020,VR,performer,individual,performance,applicative,standalone
Doing vs. Being: A philosophy of design for artful VR,"Atherton, J., & Wang, G. (2020). Doing vs. Being: A philosophy of design for artful VR. Journal of New Music Research, 49(1), 35-59.",2020,VR,"composer, performer",-,-,theoretical,-
Enhanced Learning of Jazz Chords with a Projector Based Piano Keyboard Augmentation,"Sandnes, F. E., & Eika, E. (2019, December). Enhanced Learning of Jazz Chords with a Projector Based Piano Keyboard Augmentation. In International Conference on Innovative Technologies and Learning (pp. 194-203). Springer, Cham.",2020,AR,student,individual,education,applicative,standalone
Exploring the Affordances of VR for Musical Interaction Design with VIMEs,"Çamcı, A., Stark, M. A. V., & Wang, L. Exploring the Affordances of VR for Musical Interaction Design with VIMEs. NIME, 2020",2020,VR,performer,individual,performance,applicative,standalone
Immersive Dreams: A Shared VR Experience,"MacLean, A., & Ogborn, D. Immersive Dreams: A Shared VR Experience. NIME, 2020.",2020,VR,performer and audience,multi-user,performance,applicative,standalone
Immersive Network Music Performance: Design and Practical Deployment of a system for Immersive Vocal Performance,"Cairns, P., Daffern, H., & Kearney, G. (2020, October). Immersive Network Music Performance: Design and Practical Deployment of a system for Immersive Vocal Performance. In Audio Engineering Society Convention 149. Audio Engineering Society.",2020,VR,performer,multi-user,performance,applicative,networked
Modular reality: Analogues of patching in immersive space,"Palumbo, M., Zonta, A., & Wakefield, G. (2020). Modular reality: Analogues of patching in immersive space. Journal of New Music Research, 49(1), 8-23.",2020,VR,developer,multi-user,development,applicative,-
Motivation Measurement of an Augmented Reality Traditional Musical Instruments System,"Juniawan, F. P., Sylfania, D. Y., & Pradana, H. A. (2020, May). Motivation Measurement of an Augmented Reality Traditional Musical Instruments System. In Sriwijaya International Conference on Information Technology and Its Applications (SICONIAN 2019) (pp. 613-618). Atlantis Press.",2020,AR,student,individual,education,applicative,standalone
Multisensory plucked instrument modeling in Unity3D: From Keytar to accurate string prototyping,"Fontana, F., Paisa, R., Ranon, R., & Serafin, S. (2020). Multisensory plucked instrument modeling in Unity3D: From Keytar to accurate string prototyping. Applied Sciences, 10(4), 1452.",2020,VR,developer,-,development,applicative,-
Music Education and Virtual Reality,"King, A. Music Education and Virtual Reality. Musikalische Praxen und virtuelle Räume, 41.",2020,VR,-,-,-,theoretical,-
Musical Brush: Exploring Creativity in an AR-based Tool Combining Music and Drawing Generation,"Valer, R., Schramm, R., & Nedel, L. (2020, March). Musical Brush: Exploring Creativity in an AR-based Tool Combining Music and Drawing Generation. In 2020 IEEE Conference on Virtual Reality and 3D User Interfaces Abstracts and Workshops (VRW) (pp. 635-636). IEEE.",2020,AR,composer,individual,composition,applicative,standalone
Narrative and Spatial Design through Immersive Music and Audio,"Bargsten, J. (2020, March). Narrative and Spatial Design through Immersive Music and Audio. In 2020 IEEE Conference on Virtual Reality and 3D User Interfaces Abstracts and Workshops (VRW) (pp. 396-400). IEEE.",2020,VR,composer,-,composition,theoretical,-
Networked Music Performance in Virtual Reality: Current Perspectives,"Loveridge, B. (2020). Networked Music Performance in Virtual Reality: Current Perspectives. Journal of Network Music and Arts, 2(1), 2.",2020,VR,performer,multi-user,performance,theoretical,-
PathoSonic: Performing Sound In Virtual Reality Feature Space,"Halac, F. C., & Addy, S. (2020). PathoSonic: Performing Sound In Virtual Reality Feature Space.Proc. of NIME",2020,VR,performer,individual,entertainment,applicative,standalone
Recreating a Rare Instrument Using VR and Fabrication: A Hyperreal Instrument Case Study,"A. Çamcı and J. Granzow. Recreating a Rare Instrument Using VR and Fabrication: A Hyperreal Instrument Case Study. Forum Acousticum, 2020",2020,VR,performer/audience,individual,entertainment/performance/education,applicative,standalone
Research on the Application and Teaching Strategy of Virtual Reality Technology in College Music Teaching under Multimedia Environment.,"Zhu, Y. (2020). Research on the Application and Teaching Strategy of Virtual Reality Technology in College Music Teaching under Multimedia Environment. Design Engineering, 411-421.",2020,VR,teacher/student,-,education,theoretical,-
Resurrecting the Tromba Marina: A Bowed Virtual Reality Instrument using Haptic Feedback and Accurate Physical Modelling,"Willemsen, S., Paisa, R., & Serafin, S. (2020). Resurrecting the Tromba Marina: A Bowed Virtual Reality Instrument using Haptic Feedback and Accurate Physical Modelling. In 17th Sound and Music Computing Conference (pp. 300-307).",2020,VR,performer,individual,performance,applicative,standalone
SENSE: Sensory component VR application for hearing impaired people to enhance the music experience,"Enriquez, K., Palacios, M., Pallo, D., & Guerrero, G. (2020, June). SENSE: Sensory component VR application for hearing impaired people to enhance the music experience. In 2020 15th Iberian Conference on Information Systems and Technologies (CISTI) (pp. 1-6). IEEE.",2020,VR,audience,individual,entertainment/hearing impaired,applicative,standalone
Space Elements of Computer Music Production Based on VR Technology,"Wang, S., & Yu, W. (2020). Space Elements of Computer Music Production Based on VR Technology. IEEE Access.",2020,VR,developer,-,development,applicative,-
Stowaway City: An Immersive Audio Experience for Multiple Tracked Listeners in a Hybrid Listening Environment,"McKnight, M. Stowaway City: An Immersive Audio Experience for Multiple Tracked Listeners in a Hybrid Listening Environment. Leonardo Music Journal, 37-41.",2020,VR (audio only),audience,individual,entertainment,applicative,standalone
Teaching Immersive Media at the “Dawn of the New Everything”,"Çamcı, A. (2020, September). Teaching immersive media at the"" dawn of the new everything"". In Proceedings of the 15th International Conference on Audio Mostly (pp. 229-232).",2020,VR,students and teachers,-,education,theoretical,-
The influence of mood induction by music or a soundscape on presence and emotions in a virtual reality park scenario,"Kern, A. C., Ellermeier, W., & Jost, L. (2020, September). The influence of mood induction by music or a soundscape on presence and emotions in a virtual reality park scenario. In Proceedings of the 15th International Conference on Audio Mostly (pp. 233-236).",2020,VR,developer,individual,perception study,applicative,standalone
The Sense of Auditory Presence in a Choir for Virtual Reality,"Bryce, L., Sandler, M., Koreska Andersen, L., Adjorlu, A., & Serafin, S. (2020, October). The Sense of Auditory Presence in a Choir for Virtual Reality. In Audio Engineering Society Convention 149. Audio Engineering Society.",2020,VR,performer,individual,perception study,applicative,standalone
URack: Modular audio-visual composition with Unity and VCV Rack.,"Hughes, M., & Johnston, A. URack: Modular audio-visual composition with Unity and VCV Rack. Nime, 2020",2020,VR,performance,individual,"performance, composition",applicative,standalone
Virtual 3D environments as composition and performance spaces,"Ciciliani, M. (2020). Virtual 3D environments as composition and performance spaces. Journal of New Music Research, 49(1), 104-113.",2020,VR,composition and performance,-,composition and performance,theoretical,-
Visualising Rave Music in Virtual Reality: Symbolic and interactive approaches,"Weinel, J. (2020). Visualising Rave Music in Virtual Reality: Symbolic and interactive approaches. Proceedings of EVA London 2020 30, 78-84.",2020,VR,audience,individual,entertainment/performance,applicative,standalone
VR Music Game Considering Range of Arm Motion,"Sumitomo, S., & Sugiura, Y. (2020, March). VR Music Game Considering Range of Arm Motion. In 2020 IEEE 2nd Global Conference on Life Sciences and Technologies (LifeTech) (pp. 59-62). IEEE.",2020,VR,performer,individual,entertainment ,applicative,standalone
VR Open Scores: Scores as Inspiration for VR Scenarios,"Masu, R., Bala, P., Ahmad, M. A., Correia, N. N., Nisi, V., Nunes, N., & Romão, T. (2020, April). VR open scores: scores as inspiration for VR scenarios. NIME.",2020,VR,audience,individual,composition,applicative,standalone
"ADEPT: exploring the design, pedagogy, and analysis of a mixed reality application for piano training","Gerry, L., Dahl, S., & Serafin, S. (2019). ADEPT: exploring the design, pedagogy, and analysis of a mixed reality application for piano training. In Proceedings of 16th Sound & Music Computing Conference (pp. 2891-2892).",2019,AR,performer,individual,education,applicative,standalone
An environment for gestural interaction with 3d virtual musical instruments as an educational tool,"Garoufis, C., Zlatintsi, A., Kritsis, K., Filntisis, P. P., Katsouros, V., & Maragos, P. (2019, September). An environment for gestural interaction with 3d virtual musical instruments as an educational tool. In 2019 27th European Signal Processing Conference (EUSIPCO) (pp. 1-5). IEEE.",2019,VR,performer,individual,education,applicative,standalone
"Animated Notation, Score Distribution and AR-VR Environments for Spectral Mimetic Transfer in Music Composition","Bell, J., & Carey, B. (2019, July). Animated Notation, Score Distribution and AR-VR Environments for Spectral Mimetic Transfer in Music Composition. TENOR",2019,AR and VR,performer,multi-user,performance,applicative,networked
AR Graphic Representation of Musical Notes for Self-Learning on Guitar,"Rio-Guerra, D., Sylvia, M., Martin-Gutierrez, J., Lopez-Chao, V. A., Flores Parra, R., & Ramirez Sosa, M. A. (2019). AR Graphic Representation of Musical Notes for Self-Learning on Guitar. Applied Sciences, 9(21), 4527.",2019,AR,student,individual,education,applicative,standalone
Beyond the Audience Seat: The recording and production of immersive opera and interactive concerto programmes for VR experiences,"Gasselseder, H. P., & Kallionpää, M. (2019). Beyond the Audience Seat: The recording and production of immersive opera and interactive concerto programmes for VR experiences. Proceedings of EVA London 2019, 409-416.",2019,VR,audience,individual,performance,applicative,standalone
Collaborative and Competitive Futures for Virtual Reality Music and Sound,"Hamilton, R. (2019). Collaborative and competitive futures for virtual reality music and sound. In 2019 IEEE Conference on Virtual Reality and 3D User Interfaces (VR) (pp. 1510-1512). IEEE.",2019,VR,performer,multi-user and individual,performance,applicative,networked
Composing Spatial Music with Web Audio and WebVR,"Çakmak, C., & Hamilton, R. Composing Spatial Music with Web Audio and WebVR. Web Audio conference 2019",2019,VR,composer and developer,individual,composition,applicative,standalone
Coretet: a 21st Century Virtual Interface for Musical Expression,"Hamilton, R. (2019). Coretet: a 21st Century Virtual Interface for Musical Expression. In 14th International Symposium on Computer Music Multidisciplinary Research (p. 1010).",2019,VR,performer,multi-user and individual,performance,applicative,networked
Coretet: A 21st Century Virtual Reality Musical Instrument for Solo and Networked Ensemble Performance,"Hamilton, R. (2019, March). Coretet: A 21 st Century Virtual Reality Musical Instrument for Solo and Networked Ensemble Performance. In 2019 IEEE Conference on Virtual Reality and 3D User Interfaces (VR) (pp. 1305-1306). IEEE.",2019,VR,performer,multi-user and individual,performance,applicative,networked
Coretet: A Dynamic Virtual Musical Instrument for the Twenty-First Century,"Hamilton, R. (2019, March). Coretet: A Dynamic Virtual Musical Instrument for the Twenty-First Century. In 2019 IEEE Conference on Virtual Reality and 3D User Interfaces (VR) (pp. 1395-1395). IEEE.",2019,VR,performer,multi-user and individual,performance,applicative,networked
Design and Implementation of AR-Supported System for Piano Learning,"Cai, M., Amrizal, M. A., Abe, T., & Suganuma, T. (2019, October). Design and Implementation of AR-Supported System for Piano Learning. In 2019 IEEE 8th Global Conference on Consumer Electronics (GCCE) (pp. 49-50). IEEE.",2019,AR,student,multi-user,education,applicative,networked
Design of an AR-Based System for Group Piano Learning,"Cai, M., Amrizal, M. A., Abe, T., & Suganuma, T. (2019, October). Design of an AR-Based System for Group Piano Learning. In 2019 IEEE International Symposium on Mixed and Augmented Reality Adjunct (ISMAR-Adjunct) (pp. 20-21). IEEE.",2019,AR,student,multi-user,education,theoretical,-
Designing spaces to support collaborative creativity in shared virtual environments,"Men, L., Bryan-Kinns, N., & Bryce, L. (2019). Designing spaces to support collaborative creativity in shared virtual environments. PeerJ Computer Science, 5, e229.",2019,VR,performer,multi-user,performance,applicative,networked
Development and feasibility testing of an online virtual reality platform for delivering therapeutic group singing interventions for people living with spinal cord injury,"Tamplin, J., Loveridge, B., Clarke, K., Li, Y., & J Berlowitz, D. (2020). Development and feasibility testing of an online virtual reality platform for delivering therapeutic group singing interventions for people living with spinal cord injury. Journal of telemedicine and telecare, 26(6), 365-375.",2019,VR,performer,multi-user,perception study,applicative,networked
Enhanced Learning of Jazz Chords with a Projector Based Piano Keyboard Augmentation,"Sandnes, F. E., & Eika, E. (2019, December). Enhanced Learning of Jazz Chords with a Projector Based Piano Keyboard Augmentation. In International Conference on Innovative Technologies and Learning (pp. 194-203). Springer, Cham.",2019,AR,student,individual,education,applicative,standalone
Evaluating the effectiveness of mixed reality music instrument learning with the theremin,"Johnson, D., Damian, D., & Tzanetakis, G. (2019). Evaluating the effectiveness of mixed reality music instrument learning with the theremin. Virtual Reality, 1-15.",2019,VR/MR/AV,student,individual,education,applicative,standalone
Exploring the potential of virtual reality technology to investigate the health and well being benefits of group singing,"Daffern, H., Camlin, D. A., Egermann, H., Gully, A. J., Kearney, G., Neale, C., & Rees-Jones, J. (2019). Exploring the potential of virtual reality technology to investigate the health and well being benefits of group singing. International Journal of Performance Arts and Digital Media, 15(1), 1-22.",2019,VR,performer,individual,perception study/therapeutic study,applicative,standalone
Hyperreal instruments: Bridging VR and fabrication to facilitate new forms of musical expression.,"Çamcı, A., & Granzow, J. (2019). Hyperreal Instruments: Bridging VR and Digital Fabrication to Facilitate New Forms of Musical Expression. Leonardo Music Journal, 29, 14-18.",2019,VR,composer,-,-,theoretical,-
IRMA (Interactive Real-time Measurement of Attention). A method for the investigation of audiovisual computer music performances.,"Pirchner, A. (2019). IRMA (Interactive Real-time Measurement of Attention). A method for the investigation of audiovisual computer music performances. In Proceedings of the 2019 International Computer Music Conference, ICMC 2019.",2019,VR,-,-,evaluation method,theoretical,-
LeMo: exploring virtual space for collaborative creativity,"Men, L., & Bryan-Kinns, N. (2019). LeMo: exploring virtual space for collaborative creativity. In Proceedings of the 2019 on Creativity and Cognition (pp. 71-82).",2019,VR,performer,multi-user,performance,applicative,networked
Mediated musical interactions in virtual environments,"Hamilton, R. (2019). Mediated musical interactions in virtual environments. In New Directions in Music and Human-Computer Interaction (pp. 243-257). Springer, Cham.",2019,VR,composer,-,composition,theoretical,-
Mixed Reality Piano Tutor: A Gamified Piano Practice Environment,"Molloy, W., Huang, E., & Wünsche, B. C. (2019, January). Mixed Reality Piano Tutor: A Gamified Piano Practice Environment. In 2019 International Conference on Electronics, Information, and Communication (ICEIC) (pp. 1-7). IEEE.",2019,AR,student,individual,education,applicative,standalone
Mobile virtual reality for musical genre learning in primary education,"Degli Innocenti, E., Geronazzo, M., Vescovi, D., Nordahl, R., Serafin, S., Ludovico, L. A., & Avanzini, F. (2019). Mobile virtual reality for musical genre learning in primary education. Computers & Education, 139, 102-117.",2019,VR,student,individual,education,applicative,standalone
Networked Head-Mounted Displays for Animated Notation and Audio-Scores with SmartVox,"Bell, J. (2019). Networked Head-Mounted Displays for Animated Notation and Audio-Scores with SmartVox. NIME",2019,AR,performer,individual,performance,applicative,networked
No Strings Attached: Force and Vibrotactile Feedback in a Guitar Simulation,"Passalenti, A., Paisa, R., Nilsson, N. C., Andersson, N. S., Fontana, F., Nordahl, R., & Serafin, S. (2019, May). No Strings Attached: Force and Vibrotactile Feedback in a Guitar Simulation. In Proceedings of the 16th Sound and Music Computing Conference (SMC 2019), Málaga, Spain (pp. 28-31).",2019,VR,performer,individual,performance,applicative,standalone
Osc-xr: A toolkit for extended reality immersive music interfaces,"Johnson, D., Damian, D., & Tzanetakis, G. (2019). Osc-xr: A toolkit for extended reality immersive music interfaces. SMC.2019",2019,AR/VR,developer,-,development,applicative,-
Physical Controllers vs. Hand-and-Gesture Tracking: Control Scheme Evaluation for VR Audio Mixing,"Bennington, J., & Ko, D. (2019, October). Physical Controllers vs. Hand-and-Gesture Tracking: Control Scheme Evaluation for VR Audio Mixing. In Audio Engineering Society Convention 147. Audio Engineering Society.",2019,VR,sound engineer,individual,sound engineering,applicative,standalone
Physically Colliding with Music: Full-body Interactions with an Audio-only Virtual Reality Interface,"Altosaar, R., Tindale, A., & Doyle, J. (2019, March). Physically Colliding with Music: Full-body Interactions with an Audio-only Virtual Reality Interface. In Proceedings of the Thirteenth International Conference on Tangible, Embedded, and Embodied Interaction (pp. 553-557).",2019,"VR (no, visuals, audio-only VR)",performer,individual,performance,applicative,standalone
Singing in Virtual Reality with the Danish National children’s choir,"Serafin, S., Adjorlu, A., Andersen, L., & Andersen, N. (2019). Singing in Virtual Reality with the Danish National children’s choir. In 14th International Symposium on Computer Music Multidisciplinary Research (p. 241).",2019,VR,performer,individual,entertainment,applicative,standalone
Some considerations on creativity support for VR audio,"Çamcı, A. (2019, March). Some considerations on creativity support for VR audio. In 2019 IEEE Conference on Virtual Reality and 3D User Interfaces (VR) (pp. 1500-1502). IEEE.",2019,VR,developer,-,-,theoretical,-
Songverse: a music-loop authoring tool based on Virtual Reality,"Costa, W., Ananias, L., Barbosa, I., Barbosa, B., De'Carli, A., Barioni, R. R., ... & Filgueira, D. (2019, October). Songverse: a music-loop authoring tool based on Virtual Reality. In 2019 21st Symposium on Virtual and Augmented Reality (SVR) (pp. 216-222). IEEE.",2019,VR,composer,individual,composition,applicative,standalone
Supporting Musical Practice Sessions Through HMD-Based Augmented Reality,"Marky, K., Weiß, A., & Kosch, T. (2019). Supporting Musical Practice Sessions Through HMD-Based Augmented Reality. Mensch und Computer 2019-Workshopband.",2019,AR,student,individual,education,applicative,standalone
Teach Me Drums: Learning Rhythms through the Embodiment of a Drumming Teacher in Virtual Reality,"Moth-Poulsen, M., Bednarz, T., Kuchelmeister, V., Design, S., & Serafin, S. (2019). Teach Me Drums: Learning Rhythms through the Embodiment of a Drumming Teacher in Virtual Reality. SMC",2019,VR,student,individual,education,applicative,standalone
Teachers' Views on how to use Virtual Reality to Instruct Children and Adolescents Diagnosed with Autism Spectrum Disorder,"Adjorlu, A., & Serafin, S. (2019, March). Teachers' Views on how to use Virtual Reality to Instruct Children and Adolescents Diagnosed with Autism Spectrum Disorder. In 2019 IEEE Conference on Virtual Reality and 3D User Interfaces (VR) (pp. 1439-1442). IEEE.",2019,VR,teacher,-,education,theoretical,-
"The effects of 3D sound in a 360-degree live concert video on social presence, parasocial interaction, enjoyment, and intent of financial supportive action","Shin, M., Song, S. W., Kim, S. J., & Biocca, F. (2019). The effects of 3D sound in a 360-degree live concert video on social presence, parasocial interaction, enjoyment, and intent of financial supportive action. International Journal of Human-Computer Studies, 126, 81-93.",2019,VR,audience,individual,perception study,applicative,standalone
The Hills are Alive: Capturing and Presenting an Outdoor Choral Performance for Virtual Reality,"Rees-Jones, J., & Daffern, H. (2019, March). The Hills are Alive: Capturing and Presenting an Outdoor Choral Performance for Virtual Reality. In Audio Engineering Society Conference: 2019 AES International Conference on Immersive and Interactive Audio. Audio Engineering Society.",2019,VR,performer,multi-user,entertainment,applicative,standalone
Towards a framework for composition design for music-led virtual reality experiences.,"Buckley, Z., & Carlson, K. (2019, March). Towards a framework for composition design for music-led virtual reality experiences. In 2019 IEEE Conference on Virtual Reality and 3D User Interfaces (VR) (pp. 1497-1499). IEEE.",2019,VR,composer,individual,composition,theoretical,-
Trois machins de la grâce aimante: A virtual reality string quartet,"Hamilton, R. (2019). Trois Machins de la Grâce Aimante: A virtual reality string quartet. In Proceedings of the international computer music association conference, New York, NY.",2019,VR,composer,-,composition,theoretical,-
Virtual guitar: Using real-time finger tracking for musical instruments,"Hakim, N. L., Sun, S. W., Hsu, M. H., Shih, T. K., & Wu, S. J. (2019). Virtual guitar: Using real-time finger tracking for musical instruments. International Journal of Computational Science and Engineering, 18(4), 438-450.",2019,VR,performer,individual,performance,applicative,standalone
Virtual Reality Music Intervention to Reduce Social Anxiety in Adolescents Diagnosed with Autism Spectrum Disorder,"Adjorlu, A., Barriga, N. B. B., & Serafin, S. (2019). Virtual Reality Music Intervention to Reduce Social Anxiety in Adolescents Diagnosed with Autism Spectrum Disorder. In 16th Sound and music computing conference (pp. 261-268).",2019,VR,performer,individual,perception study/therapeutic study,applicative,standalone
3D finger tracking and recognition image processing for real-time music playing with depth sensors,"Togootogtokh, E., Shih, T. K., Kumara, W. G. C. W., Wu, S. J., Sun, S. W., & Chang, H. H. (2018). 3D finger tracking and recognition image processing for real-time music playing with depth sensors. Multimedia Tools and Applications, 77(8), 9233-9248.",2018,VR,performer,individual,performance,applicative,standalone
A web-based 3D environment for gestural interaction with virtual music instruments as a STEAM education tool.,"Kritsis, K., Gkiokas, A., Acosta, C. Á., Lamerand, Q., Piéchaud, R., Kaliakatsos-Papakostas, M. A., & Katsouros, V. (2018). A web-based 3D environment for gestural interaction with virtual music instruments as a STEAM education tool. In NIME (pp. 348-349).",2018,VR,performer,individual,performance,applicative,standalone
A web-based real-time kinect application for gestural interaction with virtual musical instruments,"Zlatintsi, A., Filntisis, P. P., Garoufis, C., Tsiami, A., Kritsis, K., Kaliakatsos-Papakostas, M. A., ... & Maragos, P. (2018). A web-based real-time kinect application for gestural interaction with virtual musical instruments. In Proceedings of the Audio Mostly 2018 on Sound in Immersion and Emotion (pp. 1-6).",2018,VR,student,individual,education,applicative,standalone
An Augmented Reality Music Composition Based on the Sonification of Animal Behavior,"Özcan, Z., & Çamci, A. (2018, August). An Augmented Reality Music Composition Based on the Sonification of Animal Behavior. In Audio Engineering Society Conference: 2018 AES International Conference on Audio for Virtual and Augmented Reality. Audio Engineering Society.",2018,AR,audience,individual,performance,applicative,standalone
Augmenting a MIDI Keyboard Using Virtual Interfaces,"Desnoyers-Stewart, J., Gerhard, D., & Smith, M. L. (2018). Augmenting a MIDI Keyboard Using Virtual Interfaces. Journal of the Audio Engineering Society, 66(6), 439-447.",2018,AV,performer,individual,performance,applicative,standalone
Bringing a virtual string quartet to life,"Thielen, E., Letellier, J., Sieck, J., & Thoma, A. (2018, December). Bringing a virtual string quartet to life. In Proceedings of the Second African Conference for Human Computer Interaction: Thriving Communities (pp. 1-4).",2018,AR,audience,individual,entertainment,applicative,standalone
Chunity: Integrated Audiovisual Programming in Unity,"Atherton, J., & Wang, G. (2018, June). Chunity: Integrated Audiovisual Programming in Unity. In NIME (pp. 102-107).",2018,AR/VR,developer,-,development,applicative,-
Creating an interactive musical experience for a concert hall,"Antoshchuk, S., Kovalenko, M., & Sieck, J. (2018). Creating an interactive musical experience for a concert hall. International Journal of Computing, 17(3), 143-152.",2018,AR,audience,individual,performance,applicative,standalone
Deployment of lstms for real-time hand gesture interaction of 3d virtual music instruments with a leap motion sensor,"Kritsis, K., Gkiokas, A., Kaliakatsos-Papakostas, M., Katsouros, V., & Pikrakis, A. (2018, July). Deployment of lstms for real-time hand gesture interaction of 3d virtual music instruments with a leap motion sensor. In Proceeding of the 15th Sound and Music Computing Conference (SMC2018) (pp. 331-338).",2018,VR (no visuals. only gesture tracking...),developer,individual,development,applicative,standalone
Development of traditional musical instruments using augmented reality (AR) through mobile learning,"Tan, K. L., & Lim, C. K. (2018, September). Development of traditional musical instruments using augmented reality (AR) through mobile learning. In AIP Conference Proceedings (Vol. 2016, No. 1, p. 020140). AIP Publishing LLC.",2018,AR,student,individual,education,applicative,standalone
Encounter-Type Haptic Interfaces for Virtual Reality Musical Instruments,"Boem, A., & Iwata, H. (2018, March). Encounter-Type Haptic Interfaces for Virtual Reality Musical Instruments. In 2018 IEEE Conference on Virtual Reality and 3D User Interfaces (VR) (pp. 1-2). IEEE.",2018,VR,performer,individual,entertainment,applicative,standalone
Evoluson: Walking through an interactive history of music,"Gaugne, R., Nouviale, F., Rioual, O., Chirat, A., Gohon, K., Goupil, V., ... & Gouranton, V. (2018). Evoluson: Walking through an interactive history of music. Presence, 26(03), 281-296.",2018,VR,audience,individual,entertainment/cultural heritage,applicative,standalone
Investigating the use of virtual reality to solve the underlying problems with the 3D stage paradigm,"Gale, W., & Wakefield, J. (2018). Investigating the use of virtual reality to solve the underlying problems with the 3D stage paradigm. In 4th Workshop on Intelligent Music Production.",2018,VR,sound engineer,individual,sound engineering ,applicative,standalone
Kepler Concordia: Designing an immersive modular musical and scientific instrument using novel blockchain and sonification technologies in XR,"Snook, K., Barri, T., Goßmann, J., Potts, J., Schedel, M., & Warm, H. (2018). Kepler Concordia: Designing an immersive modular musical and scientific instrument using novel blockchain and sonification technologies in XR. Georgia Institute of Technology.",2018,VR,performer,individual,performance,applicative,standalone
Learning How to Play a Guitar with the HoloLens: A Case Study,"Torres, C., & Figueroa, P. (2018). Learning How to Play a Guitar with the HoloLens: A Case Study. In 2018 XLIV Latin American Computer Conference (CLEI) (pp. 606-611). IEEE.",2018,AR,student,individual,education,applicative,standalone
LeMo: Supporting collaborative music making in virtual reality,"Men, L., & Bryan-Kinns, N. (2018, March). LeMo: supporting collaborative music making in virtual reality. In 2018 IEEE 4th VR workshop on sonic interactions for virtual environments (SIVE) (pp. 1-6). IEEE.",2018,VR,performer,multi-user,performance,applicative,networked
Linear (live-generated interface and notation environment in augmented reality),"Santini, G. (2018). Linear (live-generated interface and notation environment in augmented reality). Proc. TENOR, 33-42.",2018,AR,composer,individual,composition,applicative,standalone
Pilot Study of Piano Learning with AR Smart Glasses Considering Both Single and Paired Play,"Pan, H., He, X., Zeng, H., Zhou, J., & Tang, S. (2018, July). Pilot Study of Piano Learning with AR Smart Glasses Considering Both Single and Paired Play. In International Conference on Human Aspects of IT for the Aged Population (pp. 561-570). Springer, Cham.",2018,AR,performer,individual,education,applicative,standalone
Practical Recording Techniques for Music Production with Six-Degrees of Freedom Virtual Reality,"Rivas Méndez, D., Armstrong, C., Stubbs, J., Stiles, M., & Kearney, G. (2018, October). Practical Recording Techniques for Music Production with Six-Degrees of Freedom Virtual Reality. In Audio Engineering Society Convention 145. Audio Engineering Society.",2018,VR,sound engineer,individual,sound engineering ,applicative,standalone
Social and psychological impact of musical collective creative processes in virtual environments; The Avatar Orchestra Metaverse in Second Life,"Martín, G. F. (2018). Social and psychological impact of musical collective creative processes in virtual environments; The Avatar Orchestra Metaverse in Second Life. Musica/Tecnologia, 73-85.",2018,VR,performer,multi-user,performance,applicative,networked
Supporting the Sense of Unity between Remote Audiences in VR-Based Remote Live Music Support System KSA2,"Kaneko, T., Tarumi, H., Kataoka, K., Kubochi, Y., Yamashita, D., Nakai, T., & Yamaguchi, R. (2018, December). Supporting the Sense of Unity between Remote Audiences in VR-Based Remote Live Music Support System KSA2. In 2018 IEEE International Conference on Artificial Intelligence and Virtual Reality (AIVR) (pp. 124-127). IEEE.",2018,VR,audience,multi-user,performance,applicative,networked
Virtual Dulcimer Auxiliary Teaching System Based on Musical Instrument Digital Interface,"Liu, Q., Ba, S., Wu, L., Huang, J., & Li, H. (2018, July). Virtual Dulcimer Auxiliary Teaching System Based on Musical Instrument Digital Interface. In 2018 International Symposium on Educational Technology (ISET) (pp. 82-86). IEEE.",2018,VR,student,individual,education,applicative,standalone
Wrist-Worn Sensor-Based Tangible Interface for Virtual Percussion Instruments,"Fangbemi, A. S., & Zhang, Y. (2018, June). Wrist-Worn Sensor-Based Tangible Interface for Virtual Percussion Instruments. In International Conference on Augmented Reality, Virtual Reality and Computer Graphics (pp. 54-66). Springer, Cham.",2018,VR,performer,individual,development,applicative,standalone
A user-defined gesture set for music interaction in immersive virtual environment.,"Leng, H. Y., Norowi, N. M., & Jantan, A. H. (2017, April). A user-defined gesture set for music interaction in immersive virtual environment. In Proceedings of the 3rd International Conference on Human-Computer Interaction and User Experience in Indonesia (pp. 44-51).",2017,VR,developer,individual,development,applicative,standalone
AirPiano: Enhancing music playing experience in virtual reality with mid-air haptic feedback,"Hwang, I., Son, H., & Kim, J. R. (2017, June). AirPiano: Enhancing music playing experience in virtual reality with mid-air haptic feedback. In 2017 IEEE World Haptics Conference (WHC) (pp. 213-218). IEEE.",2017,VR,performer,individual,performance,applicative,standalone
AR Sound Sandbox: A Playful Interface for Musical and Artistic Expression,"Dewitz, B., Wiche, R., Geiger, C., Steinicke, F., & Feitsch, J. (2017, June). AR Sound Sandbox: A Playful Interface for Musical and Artistic Expression. In International Conference on Intelligent Technologies for Interactive Entertainment (pp. 59-76). Springer, Cham.",2017,AR,performer,individual,entertainment,applicative,standalone
Audiovisual Playground: A Music Sequencing Tool for 3D Virtual Worlds,"Kelly, A., & Klipfel, K. (2017, May). Audiovisual Playground: A Music Sequencing Tool for 3D Virtual Worlds. In Proceedings of the 2017 CHI Conference Extended Abstracts on Human Factors in Computing Systems (pp. 437-440).",2017,VR,performer,individual,performance,applicative,standalone
Augmented reality musical app to support children’s musical education,"Bruno, L., G. D. C. Ana, N. Marilena, and D. L. Roseli. ""Augmented reality musical app to support children’s musical education."" Journal of Computer Science and Information Technology 5, no. 4 (2017): 121-127.",2017,AR,student,individual,education,applicative,standalone
Augmenting Virtuality with a Synchronized Dynamic Musical Instrument: A User Evaluation of a Mixed Reality MIDI Keyboard,"Desnoyers-Stewart, J., Gerhard, D., & Smith, M. L. (2017, September). Augmenting Virtuality with a Synchronized Dynamic Musical Instrument: A User Evaluation of a Mixed Reality MIDI Keyboard. In International Symposium on Computer Music Multidisciplinary Research (pp. 540-557). Springer, Cham.",2017,AV,performer,individual,performance,applicative,standalone
Comparing Constraints in Virtual Reality and Screen-based Media for Collaborative Music Making,"Deacon, Thomas. ""Comparing Constraints in Virtual Reality and Screen-based Media for Collaborative Music Making."" In Proceedings of the 2017 ACM Conference Companion Publication on Designing Interactive Systems, pp. 402-403. 2017.",2017,VR,-,-,-,theoretical,-
Considerations on the use of virtual and augmented reality technologies in music education.,"Serafin, S., Adjorlu, A., Nilsson, N., Thomsen, L., & Nordahl, R. (2017, March). Considerations on the use of virtual and augmented reality technologies in music education. In 2017 IEEE Virtual Reality Workshop on K-12 Embodied Learning through Virtual & Augmented Reality (KELVAR) (pp. 1-4). IEEE.",2017,AR,student,-,education,theoretical,-
"Empty Room, how to compose and spatialize electroacoustic music in VR in ambisonic and binaural","Webster, C., Garnier, F., & Sedes, A. (2017). Empty Room, how to compose and spatialize electroacoustic music in VR in ambisonic and binaural. International Journal of Virtual Reality, 17(2).",2017,VR,composer,individual,composition,applicative,standalone
Examples of use cases with smart instruments,"Turchet, L., Benincaso, M., & Fischione, C. (2017). Examples of use cases with smart instruments. In Proceedings of the 12th International Audio Mostly Conference on Augmented and Participatory Sound and Music Experiences (pp. 1-5).",2017,VR,audience,multi-user,performance,applicative,networked
HoloKeys-An Augmented Reality Application for Learning the Piano,"Hackl, D., & Anthes, C. (2017, November). HoloKeys-An Augmented Reality Application for Learning the Piano. In Forum Media Technology (pp. 140-144).",2017,AR,student,individual,education,applicative,standalone
KeynVision: exploring piano pedagogy in mixed reality,"Birhanu, A., & Rank, S. (2017, October). KeynVision: exploring piano pedagogy in mixed reality. In Extended Abstracts Publication of the Annual Symposium on Computer-Human Interaction in Play (pp. 299-304).",2017,AR,student,individual,education,applicative,standalone
Mixed Reality MIDI Keyboard,"Desnoyers-Stewart, J., Gerhard, D., & Smith, M. (2017). Mixed Reality MIDI Keyboard. In Proceedings of the 13th International Symposium on CMMR (pp. 376-386).",2017,AV,performer,individual,performance,applicative,standalone
Mixed Reality MIDI Keyboard Demonstration,"Desnoyers-Stewart, J., Smith, M., & Gerhard, D. (2017, August). Mixed Reality MIDI Keyboard Demonstration. In Proceedings of the 12th International Audio Mostly Conference on Augmented and Participatory Sound and Music Experiences (pp. 1-5).",2017,AV,performer,individual,performance,applicative,standalone
Musicians’ perceptions and experiences of using simulation training to develop performance skills,Musicians’ perceptions and experiences of using simulation training to develop performance skills,2017,VR,performer,individual,perception study,applicative,standalone
"Playing for a Virtual Audience- The Impact of a Social Factor on Gestures, Sounds and Expressive Intents","Schaerlaeken, S., Grandjean, D., & Glowinski, D. (2017). Playing for a Virtual Audience: The Impact of a Social Factor on Gestures, Sounds and Expressive Intents. Applied Sciences, 7(12), 1321.",2017,VR,performer,individual,perception study,applicative,standalone
Survey and implications for the design of new 3D audio production and authoring tools,"Mathew, J. D., Huot, S., & Katz, B. F. (2017). Survey and implications for the design of new 3D audio production and authoring tools. Journal on Multimodal User Interfaces, 11(3), 277-287.",2017,VR,sound engineer,-,sound engineering,theoretical,-
The Plausibility of a String Quartet Performance in Virtual Reality,"Bergström, I., Azevedo, S., Papiotis, P., Saldanha, N., & Slater, M. (2017). The plausibility of a string quartet performance in virtual reality. IEEE transactions on visualization and computer graphics, 23(4), 1352-1359.",2017,VR,performer,individual,perception study,applicative,standalone
Virtual Sasando using leap motion controller,"Hariadi, R. R., Herumurti, D., Yuniarti, A., Kuswardayan, I., Suciati, N., & Mooy, T. (2017, October). Virtual Sasando using leap motion controller. In 2017 International Conference on Advanced Mechatronics, Intelligent Manufacture, and Industrial Automation (ICAMIMIA) (pp. 161-164). IEEE.",2017,VR,performer,individual,performance,applicative,standalone
VRMin: using mixed reality to augment the theremin for musical tutoring,"Johnson, D., & Tzanetakis, G. (2017). Vrmin: using mixed reality to augment the theremin for musical tutoring. In NIME (pp. 151-156).",2017,AV,student,individual,education,applicative,standalone
A Virtual Musical Instrument for 3D Performance with Short Gestures: Exploring Mapping Strategies with Virtual Reality,"Rodrigues, A. M., Zuffo, M. K., da Rosa Belloc, O., & Faria, R. R. A. (2016, July). A Virtual Musical Instrument for 3D Performance with Short Gestures: Exploring Mapping Strategies with Virtual Reality. In International Symposium on Computer Music Multidisciplinary Research (pp. 301-315). Springer, Cham.",2016,VR,performer,individual,performance,applicative,standalone
A virtual xylophone for music education,"Burks, N., Smith, L., & Saquer, J. (2016, December). A virtual xylophone for music education. In 2016 IEEE International Symposium on Multimedia (ISM) (pp. 409-410). IEEE.",2016,VR,student,individual,education,applicative,standalone
An Augmented Reality Audio Live Network for Live Electroacoustic Music Concerts,"Moustakas, N., Floros, A., & Kapralos, B. (2016, September). An Augmented Reality Audio Live Network for Live Electroacoustic Music Concerts. In Audio Engineering Society Conference: 2016 AES International Conference on Audio for Virtual and Augmented Reality. Audio Engineering Society.",2016,AR,performers,multi-user,performance,applicative,networked
Andantino: Teaching Children Piano with Projected Animated Characters,"Xiao, X., Puentes, P., Ackermann, E., & Ishii, H. (2016, June). Andantino: Teaching children piano with projected animated characters. In Proceedings of the the 15th international conference on interaction design and children (pp. 37-45).",2016,AR,students/children,individual,education,applicative,standalone
Barehanded music: real-time hand interaction for virtual piano,"Liang, H., Wang, J., Sun, Q., Liu, Y. J., Yuan, J., Luo, J., & He, Y. (2016, February). Barehanded music: real-time hand interaction for virtual piano. In Proceedings of the 20th ACM SIGGRAPH Symposium on Interactive 3D Graphics and Games (pp. 87-94).",2016,VR,developer,individual,development,applicative,standalone
Design and implementation of virtual Indonesian Musical Instrument (VIMi) application using leap motion controller,"Hariadi, R. R., & Kuswardayan, I. (2016, October). Design and implementation of virtual Indonesian Musical Instrument (VIMi) application using leap motion controller. In 2016 International Conference on Information & Communication Technology and Systems (ICTS) (pp. 43-48). IEEE.",2016,VR,performers,individual,performance,applicative,standalone
Gesture-based collaborative virtual reality performance in carillon,"Hamilton, R., & Platz, C. (2016). Gesture-based collaborative virtual reality performance in carillon. In Proceedings of the 2016 international computer music conference (pp. 337-340).",2016,VR,performers,multi-user,performance,applicative,networked
Holo beats: design and development of an AR system to teach drums,"Nilsson, S., Vechev, V., Yeh, A., Hedler, C.: Holo beats: design and development of an AR system to teach drums. In: Proceedings of SIDeR 2016, The 12th Student Interaction Design Research Conference, Malmö (2016)",2016,AR,student,individual,education,applicative,standalone
Immersive Orchestras: audio processing for orchestral music VR content,"Janer, J., Gómez, E., Martorell, A., Miron, M., & de Wit, B. (2016, September). Immersive Orchestras: audio processing for orchestral music VR content. In 2016 8th International Conference on Games and Virtual Worlds for Serious Applications (VS-GAMES) (pp. 1-2). IEEE.",2016,VR,audience,individual,entertainment,applicative,standalone
Networked Virtual Environments as Collaborative Music Spaces,"Çakmak, C., Çamci, A., & Forbes, A. G. (2016). Networked Virtual Environments as Collaborative Music Spaces. In NIME (pp. 106-111).",2016,VR,performer and audience,multi-user,performance,applicative,networked
Node kara: An audiovisual mixed reality installation,"Çamcı, A., & Graeme, A. (2016, March). Node kara: An audiovisual mixed reality installation. In 2016 IEEE 3DUI Workshop on Mixed Reality Art (MRA) (pp. 1-4). IEEE.",2016,VR,performer,individual,entertainment,applicative,standalone
Piano learning application with feedback provided by an AR virtual character,"Fernandez, C. A. T., Paliyawan, P., Yin, C. C., & Thawonmas, R. (2016, October). Piano learning application with feedback provided by an ar virtual character. In 2016 IEEE 5th Global Conference on Consumer Electronics (pp. 1-2). IEEE.",2016,AR,student,individual,education,applicative,standalone
Spatial audio engineering in a virtual reality environment,"Jordan, Dennis, Fabian Müller, Colin Drude, Sascha Reinhold, Vanessa Schomakers, and Michael Teistler. ""Spatial audio engineering in a virtual reality environment."" Mensch und Computer 2016-Tagungsband (2016).",2016,VR,sound engineer,individual,sound engineering,applicative,standalone
Spatial interfaces and interactive 3d environments for immersive musical performances,"Berthaut, F., & Hachet, M. (2016). Spatial interfaces and interactive 3d environments for immersive musical performances. IEEE computer graphics and applications, 36(5), 82-87.",2016,VR,performer,multi-user,performance,applicative,standalone
Spectrascore vr: Networkable virtual reality software tools for real-time composition and performance,"Carey, B. E. (2016). SpectraScore VR: Networkable virtual reality software tools for real-time composition and performance. In International conference on New Interfaces for Musical Expression (NIME), Brisbane, Australia.",2016,VR,"developers, performers, audience members",-,"development, composition and performance",applicative,networked
The Soundfield as Sound Object: Virtual Reality Environments as a Three-Dimensional Canvas for Music Composition,"Graham, R., & Cluett, S. (2016, September). The Soundfield as Sound Object: Virtual Reality Environments as a Three-Dimensional Canvas for Music Composition. In Audio Engineering Society Conference: 2016 AES International Conference on Audio for Virtual and Augmented Reality. Audio Engineering Society.",2016,VR,composer,individual,composition,applicative,standalone
User experience in an interactive music virtual reality system: an exploratory study,"Deacon, T., Stockman, T., & Barthet, M. (2016, July). User experience in an interactive music virtual reality system: an exploratory study. In International symposium on computer music multidisciplinary research (pp. 192-216). Springer, Cham.",2016,VR,performer,individual,performance,applicative,standalone
Virtual reality musical instruments: Guidelines for multisensory interaction design,"Serafin, S., Erkut, C., Kojs, J., Nordahl, R., & Nilsson, N. C. (2016). Virtual reality musical instruments: Guidelines for multisensory interaction design. In Proceedings of the Audio Mostly 2016 (pp. 266-271).",2016,VR,developer,-,development,theoretical,-
"Virtual reality musical instruments: State of the art, design principles, and future directions","Serafin, S., Erkut, C., Kojs, J., Nilsson, N. C., & Nordahl, R. (2016). Virtual reality musical instruments: State of the art, design principles, and future directions. Computer Music Journal, 40(3), 22-40.",2016,VR,developer,-,development,theoretical,-
3D sphere virtual instrument with Kinect and MIDI,"Lu, M. F., Chiang, J. S., Shih, T. K., & Wu, S. (2015, August). 3D sphere virtual instrument with Kinect and MIDI. In 2015 8th International Conference on Ubi-Media Computing (UMEDIA) (pp. 140-145). IEEE.",2015,AR,performer,individual,performance,applicative,standalone
An exploratory evaluation of user interfaces for 3d audio mixing,"Gelineck, S., & Korsgaard, D. (2015, May). An exploratory evaluation of user interfaces for 3d audio mixing. In Audio Engineering Society Convention 138. Audio Engineering Society.",2015,VR,sound engineer,individual,sound engineering,applicative,standalone
ChromaChord: A virtual musical instrument,"Fillwalk, J. (2015, March). Chromachord: A virtual musical instrument. In 2015 IEEE Symposium on 3D User Interfaces (3DUI) (pp. 201-202). IEEE.",2015,VR,performer,individual,performance,applicative,standalone
Cirque des Bouteilles: The Art of Blowing on Bottles,"Zielasko, D., Rausch, D., Law, Y. C., Knott, T. C., Pick, S., Porsche, S., ... & Kuhlen, T. W. (2015, March). Cirque des bouteilles: The art of blowing on bottles. In 2015 IEEE Symposium on 3D User Interfaces (3DUI) (pp. 209-210). IEEE.",2015,VR,performers,individual,performance,applicative,standalone
Crosscale: a 3D virtual musical instrument interface,"Cabral, M., Montes, A., Roque, G., Belloc, O., Nagamura, M., Faria, R. R., ... & Zuffo, M. (2015, March). Crosscale: a 3D virtual musical instrument interface. In 2015 IEEE Symposium on 3D User Interfaces (3DUI) (pp. 199-200). IEEE.",2015,VR,performer,individual,performance,applicative,standalone
Evaluating music performance and context-sensitivity with Immersive Virtual Environments,"Glowinski, D., Baron, N., Shirole, K., Coll, S. Y., Chaabi, L., Ott, T., ... & Grandjean, D. M. (2015). Evaluating music performance and context-sensitivity with Immersive Virtual Environments. EAI Endorsed Transactions on Creative Technologies, 2(2), e3.",2015,VR,performer,individual,perception study,applicative,standalone
Haptic and visual feedback in 3D audio mixing interfaces,"Gelineck, S., & Overholt, D. (2015). Haptic and visual feedback in 3D audio mixing interfaces. In Proceedings of the Audio Mostly 2015 on Interaction With Sound (pp. 1-6).",2015,VR,sound engineer,individual,sound engineering,applicative,standalone
Interactive Virtual Soundscapes: a Research report,"A. Çamcı, Z. Özcan, and D. Pehlevan. Interactive Virtual Soundscapes: a Research report. ICMC 2015.",2015,VR,audience,multi-user,entertainment/performance,applicative,standalone
Oncall Piano Sensei: Portable AR Piano Training System,"Chiang, P. Y., & Sun, C. H. (2015, August). Oncall piano sensei: Portable ar piano training system. In Proceedings of the 3rd ACM Symposium on Spatial User Interaction (pp. 134-134).",2015,AR,student,individual,education,applicative,standalone
Reflets: Combining and revealing spaces for musical performances,"Berthaut, F., Plasencia, D. M., Hachet, M., & Subramanian, S. (2015, May). Reflets: Combining and revealing spaces for musical performances.",2015,AR,performer,multi-user,performance,applicative,standalone
The smart stage: Designing 3d interaction metaphors for immersive and ubiquitous music systems,"Bernardo, F., Pestana, P., & Martins, L. (2015). The smart stage: Designing 3d interaction metaphors for immersive and ubiquitous music systems. In Proceedings of the International Conference on New Music Concepts.",2015,VR,perforrmer,individual,performance,applicative,standalone
Virtual reality exposure training for musicians: Its effect on performance anxiety and quality,"Bissonnette, J., Dubé, F., Provencher, M. D., & Moreno Sala, M. T. (2015). Virtual reality exposure training for musicians: Its effect on performance anxiety and quality. Medical problems of performing artists, 30(3), 169-177.",2015,VR,performer,individual,perception study,applicative,standalone
Wedge: a musical interface for building and playing composition-appropriate immersive environments,"Moore, A. G., Howell, M. J., Stiles, A. W., Herrera, N. S., & McMahan, R. P. (2015, March). Wedge: A musical interface for building and playing composition-appropriate immersive environments. In 2015 IEEE Symposium on 3D User Interfaces (3DUI) (pp. 205-206). IEEE.",2015,VR,composer and performer,individual,composition and performance,applicative,standalone
Andante: Walking Figures on the Piano Keyboard to Visualize Musical Motion.,"Xiao, X., Tome, B., & Ishii, H. (2014). Andante: Walking Figures on the Piano Keyboard to Visualize Musical Motion. In NIME (pp. 629-632).",2014,AR,student,individual,education,applicative,standalone
Applying Augmented Reality Technology to Promote Traditional Thai Folk Musical Instruments on Postcards,"Phunsa, S. (2014). Applying Augmented Reality Technology to Promote Traditional Thai Folk Musical Instruments on Postcards. In Proc. International Conference on Computer Graphics, Multimedia and Image Processing.",2014,AR,student,individual,education,applicative,standalone
Augmented Stage for Participatory Performances,"Mazzanti, D., Zappi, V., Caldwell, D. G., & Brogni, A. (2014, June). Augmented Stage for Participatory Performances. In NIME (pp. 29-34).",2014,AR,audience,multi-user,performance,applicative,networked
Game of Tones: Learning to Play Songs on a Piano Using Projected Instructions and Games,"Raymaekers, L., Vermeulen, J., Luyten, K., & Coninx, K. (2014). Game of tones: Learning to play songs on a piano using projected instructions and games. In CHI'14 Extended Abstracts on Human Factors in Computing Systems (pp. 411-414).",2014,AR,student,individual,education,applicative,standalone
Music Everywhere – Augmented Reality Piano Improvisation Learning System,"Das, S., Glickman, S., Hsiao, F. Y., & Lee, B. (2017). Music Everywhere–Augmented Reality Piano Improvisation Learning System. NIME, 2014",2014,AR,student,individual,education,applicative,standalone
P.I.A.N.O.: Faster Piano Learning with Interactive Projection,"Rogers, K., Röhlig, A., Weing, M., Gugenheimer, J., Könings, B., Klepsch, M., ... & Weber, M. (2014, November). Piano: Faster piano learning with interactive projection. In Proceedings of the Ninth ACM International Conference on Interactive Tabletops and Surfaces (pp. 149-158).",2014,AR,student,individual,education,applicative,standalone
Real-time finger tracking for virtual instruments,"Hsu, M. H., Shih, T. K., & Chiang, J. S. (2014, July). Real-time finger tracking for virtual instruments. In 2014 7th International Conference on Ubi-Media Computing and Workshops (pp. 133-138). IEEE.",2014,AR,developer,individual,development,applicative,standalone
Scenography of Immersive Virtual Musical Instruments,"Berthaut, F., Zappi, V., & Mazzanti, D. (2014, March). Scenography of immersive virtual musical instruments. In 2014 IEEE VR Workshop: Sonic interaction in virtual environments (SIVE) (pp. 19-24). IEEE.",2014,VR,-,-,-,theoretical,-
Sonic interaction with a virtual orchestra of factory machinery,"Simon, L. S., Nouviale, F., Gaugne, R., & Gouranton, V. (2014, March). Sonic interaction with a virtual orchestra of factory machinery. In 2014 IEEE VR workshop: Sonic interaction in virtual environments (SIVE) (pp. 7-12). IEEE.",2014,VR,performer,individual,entertainment,applicative,standalone
A virtual reality platform for musical creation: GENESIS-RT,"Leonard, J., Cadoz, C., Castagné, N., Florens, J. L., & Luciani, A. (2013, October). A virtual reality platform for musical creation: GENESIS-RT. In International Symposium on Computer Music Multidisciplinary Research (pp. 346-371). Springer, Cham.",2013,VR,composer,individual,composition,applicative,standalone
Drumming in immersive virtual reality: the body shapes the way we play,"Kilteni, K., Bergstrom, I., & Slater, M. (2013). Drumming in immersive virtual reality: the body shapes the way we play. IEEE transactions on visualization and computer graphics, 19(4), 597-605.",2013,VR,performers,individual,perception study,applicative,standalone
Music Education Using Augmented Reality with a Head Mounted Display,"Chow, J., Feng, H., Amor, R., & Wünsche, B. C. (2013, January). Music education using augmented reality with a head mounted display. In Proceedings of the Fourteenth Australasian User Interface Conference-Volume 139 (pp. 73-79).",2013,AR,student,individual,education,applicative,standalone
P.I.A.N.O.: Enhancing Instrument Learning via Interactive Projected Augmentation,"Weing, M., Röhlig, A., Rogers, K., Gugenheimer, J., Schaub, F., Könings, B., ... & Weber, M. (2013, September). PIANO: enhancing instrument learning via interactive projected augmentation. In Proceedings of the 2013 ACM conference on Pervasive and ubiquitous computing adjunct publication (pp. 75-78).",2013,AR,student,individual,education,applicative,standalone
Rouages: Revealing the mechanisms of digital musical instruments to the audience,"Berthaut, F., Marshall, M., Subramanian, S., & Hachet, M. (2013, May). Rouages: Revealing the mechanisms of digital musical instruments to the audience.",2013,AR,audience,individual,performance,applicative,standalone
Spider King: virtual musical instruments based on microsoft kinect,"Hsu, M. H., Kumara, W. G. C. W., Shih, T. K., & Cheng, Z. (2013, November). Spider King: Virtual musical instruments based on microsoft Kinect. In 2013 International Joint Conference on Awareness Science and Technology & Ubi-Media Computing (iCAST 2013 & UMEDIA 2013) (pp. 707-713). IEEE.",2013,AR,performers,individual,performance,applicative,standalone
The Third Room: A 3D Virtual Music Paradigm,"Honigman, C., Walton, A., & Kapur, A. (2013). The third room: A 3d virtual music paradigm. In Proceedings of the International Conference on New Interfaces for Musical Expression (pp. 29-34).",2013,AV,performers,individual,performance,applicative,standalone
Visual associations in augmented keyboard performance,"Yang, Q., & Essl, G. (2013). Visual Associations in Augmented Keyboard Performance. In NIME (pp. 252-255).",2013,AR,student,individual,education,applicative,standalone
A Development of Augmented Reality Application: AR Band.,"Lertkulvanich, S., Wongwatkit, C., Sombunsukho, S., Sirimayurachat, K., Sawasdee, T., & Sae-Er, W. (2012). A Development of Augmented Reality Application: AR Band. Computer Technology and Application, 3(8).",2012,AE,audience,individual,entertainment,applicative,standalone
Concatenative synthesis unit navigation and dynamic rearrangement in vrgrains,"Zappi, V., Mazzanti, D., Brogni, A., & Caldwell, D. (2012). Concatenative synthesis unit navigation and dynamic rearrangement in vrgrains. SMC, 403-408.",2012,VR,audience,individual,entertainment,applicative,standalone
Organ augmented reality: Audio-graphical augmentation of a classical instrument,"Jacquemin, C., Ajaj, R., Le Beux, S., d’Alessandro, C., Noisternig, M., Katz, B. F., & Planes, B. (2012). Organ augmented reality: Audio-graphical augmentation of a classical instrument. In Innovative Design and Creation of Visual Interfaces: Advancements and Trends (pp. 131-147). IGI Global.",2012,AR,audience,individual,entertainment/cultural heritage,applicative,standalone
Towards an augmented reality system for violin learning support,"Shiino, H., De Sorbier, F., & Saito, H. (2012, November). Towards an augmented reality system for violin learning support. In International Workshop on Depth Image Analysis and Applications (pp. 136-145). Springer, Berlin, Heidelberg.",2012,AR,student,individual,education,applicative,standalone
Violin pedagogy for finger and bow placement using augmented reality,"De Sorbier, F., Shiino, H., & Saito, H. (2012, December). Violin pedagogy for finger and bow placement using augmented reality. In Proceedings of The 2012 Asia Pacific Signal and Information Processing Association Annual Summit and Conference (pp. 1-5). IEEE.",2012,AR,student,individual,education,applicative,standalone
Virtual Pottery: An Interactive Audio-Visual Installation,"Han, Y. C., & Han, B. J. (2012). Virtual Pottery: An Interactive Audio-Visual Installation. In NIME.",2012,VR,performer,individual,performance,applicative,standalone
Ar-based virtual musical instruments using smc tracking,"Olivieri, D., Conde, I. G., & Vila-Sobrino, X. A. (2011, June). Ar-based virtual musical instruments using smc tracking. In 6th Iberian Conference on Information Systems and Technologies (CISTI 2011) (pp. 1-7). IEEE.",2011,AR,developer,-,development,applicative,-
Design and Evaluation of a Hybrid Reality Performance,"Zappi, V., Mazzanti, D., Brogni, A., & Caldwell, D. G. (2011). Design and Evaluation of a Hybrid Reality Performance. In NIME (Vol. 11, pp. 355-360).",2011,AR,performer,individual,performance,applicative,standalone
Design of a touchless multipoint musical interface in a virtual studio environment,"Marinos, D., Wöldecke, B., Geiger, C., & Schwirten, T. (2011, November). Design of a touchless multipoint musical interface in a virtual studio environment. In Proceedings of the 8th International Conference on Advances in Computer Entertainment Technology (pp. 1-7).",2011,AR,performer,individual,performance,applicative,standalone
Feedback design in augmented musical instruments: A case study with an ar drum kit,"Yamabe, T., Asuma, H., Kiyono, S., & Nakajima, T. (2011, August). Feedback design in augmented musical instruments: A case study with an ar drum kit. In 2011 IEEE 17th International Conference on Embedded and Real-Time Computing Systems and Applications (Vol. 2, pp. 126-129). IEEE.",2011,AR,student,individual,education,applicative,standalone
Interacting with 3D reactive widgets for musical performance,"Berthaut, F., Desainte-Catherine, M., & Hachet, M. (2011). Interacting with 3D reactive widgets for musical performance. Journal of New Music Research, 40(3), 253-263.",2011,AR,audience,multi-user,performance,applicative,standalone
Multi-modal musical environments for mixed-reality performance,"Hamilton, R., Caceres, J. P., Nanou, C., & Platz, C. (2011). Multi-modal musical environments for mixed-reality performance. Journal on Multimodal User Interfaces, 4(3-4), 147-156.",2011,VR,audience,multi-user,performance,applicative,networked
Piano AR: A Markerless Augmented Reality Based Piano Teaching System,"Huang, F., Zhou, Y., Yu, Y., Wang, Z., & Du, S. (2011, August). Piano ar: A markerless augmented reality based piano teaching system. In 2011 Third International Conference on Intelligent Human-Machine Systems and Cybernetics (Vol. 2, pp. 47-52). IEEE.",2011,AR,student,individual,education,applicative,standalone
RadarTHEREMIN-Creating musical expressions in a virtual studio environment.,"Wöldecke, B., Marinos, D., Pogscheba, P., Geiger, C., Herder, J., & Schwirten, T. (2011, March). RadarTHEREMIN-Creating musical expressions in a virtual studio environment. In 2011 IEEE International Symposium on VR Innovation (pp. 345-346). IEEE.",2011,VR,performer,individual,performance,applicative,standalone
UDKOSC: An immersive musical environment,"Hamilton, R. (2011, August). UDKOSC: An immersive musical environment. In ICMC.",2011,VR,developer,-,development,applicative,-
Using Mobile Projection to Support Guitar Learning,"Löchtefeld, M., Gehring, S., Jung, R., & Krüger, A. (2011, July). Using mobile projection to support guitar learning. In International Symposium on Smart Graphics (pp. 103-114). Springer, Berlin, Heidelberg.",2011,AR,student,individual,education,applicative,standalone
V-Drum: an augmented reality drum kit,"Lobo, N. (2015). V-Drum: an augmented reality drum kit. International Journal of Advanced Research in Computer and Communication Engineering, 4(10), 295-299.",2011,AR,performers,individual,performance,applicative,standalone
ARmonica: a collaborative sonic environment,"Sukan, M., Oda, O., Shi, X., Entrena, M., Sadalgi, S., Qi, J., & Feiner, S. (2010, October). ARmonica: a collaborative sonic environment. In Adjunct proceedings of the 23nd annual ACM symposium on User interface software and technology (pp. 401-402).",2010,AR,performer,multi-user,performance,applicative,
DRILE: an immersive environ- ment for hierarchical live-looping,"Berthaut, F., Desainte-Catherine, M., & Hachet, M. (2010, June). Drile: an immersive environment for hierarchical live-looping.",2010,,,,,,
Gesture Controlled Virtual Instrument with Dynamic Vibrotactile Feedback.,"Ahmaniemi, T. (2010). Gesture Controlled Virtual Instrument with Dynamic Vibrotactile Feedback. In NIME (pp. 485-488).",2010,,,,,,
Immersive music painter,"Barot, C., & Carpentier, K. (2010). Immersive music painter. In Virtual Reality International Conference (VRIC 2010).",2010,VR (CAVE),,,,,
OSC Virtual Controller,"Zappi, V., Brogni, A., & Caldwell, D. G. (2010). OSC Virtual Controller. In NIME (pp. 297-302).
Chicago        ",2010,VR (CAVE),,,,,
Piivert: Percussion-based interaction for immersive virtual environments,"Berthaut, F., Hachet, M., & Desainte-Catherine, M. (2010, March). Piivert: Percussion-based interaction for immersive virtual environments. In 2010 IEEE Symposium on 3D User Interfaces (3DUI) (pp. 15-18). IEEE.",2010,VR,performer,individual,development,applicative,standalone
Sonic virtual reality game: How does your body sound?,"Headlee, K., Koziupa, T., & Siwiak, D. (2010). Sonic virtual reality game: How does your body sound?. In NIME (pp. 423-426).",2010,VR (Audio only),,,,,
Sound Bounce: Physical Metaphors in Designing Mobile Music Performance,"Dahl, L., & Wang, G. (2010). Sound Bounce: Physical Metaphors in Designing Mobile Music Performance. In NIME (pp. 178-181).",2010,AR,,,,,
Virtual sequencing with a tactile feedback device,"Zappi, V., Gaudina, M., Brogni, A., & Caldwell, D. (2010, September). Virtual sequencing with a tactile feedback device. In International Workshop on Haptic and Audio Interaction Design (pp. 149-159). Springer, Berlin, Heidelberg.",2010,VR,performers,individual,,,
A virtual-reality reconstruction of poeme electronique based on philological research,"Lombardo, V., Valle, A., Fitch, J., Tazelaar, K., Weinzierl, S., & Borczyk, W. (2009). A virtual-reality reconstruction of poeme electronique based on philological research. Computer Music Journal, 33(2), 24-47.",2009,VR,,,,,
Computer assisted music therapy: a case study of an augmented reality musical system for children with cerebral palsy rehabilitation.,"Corrêa, A. G. D., Ficheman, I. K., do Nascimento, M., & de Deus Lopes, R. (2009, July). Computer assisted music therapy: A case study of an augmented reality musical system for children with cerebral palsy rehabilitation. In 2009 Ninth IEEE International Conference on Advanced Learning Technologies (pp. 218-220). IEEE.",2009,AR,performers,,therapeutic study,,
Creating ambient music spaces in real and virtual worlds,"Frank, J., Lidy, T., Peiszer, E., Genswaider, R., & Rauber, A. (2009). Creating ambient music spaces in real and virtual worlds. Multimedia Tools and Applications, 44(3), 449-468.",2009,VR,,,,,
DJ Sim: a virtual reality DJ simulation game,"Tang, K. Y., Loke, M. H., Chin, C. L., Chua, G. G., Chong, J. H., Manders, C., ... & Farbiz, F. (2009, January). DJ Sim: a virtual reality DJ simulation game. In The Engineering Reality of Virtual Reality 2009 (Vol. 7238, p. 72380D). ",2009,VR,,,,,
Synthesis of Music Performances: Virtual Character Animation as a Controller of Sound Synthesis,"Bouënard, A. (2009). Synthesis of Music Performances: Virtual Character Animation as a Controller of Sound Synthesis (Doctoral dissertation).",2009,VR (MoCap),,,,,
The telematic music system: Affordances for a new instrument to shape the music of tomorrow,"Braasch, J. (2009). The telematic music system: Affordances for a new instrument to shape the music of tomorrow. Contemporary Music Review, 28(4-5), 421-432.",2009,VR (-ish),,,,,
Versum: audiovisual composing in 3D,Barri T. (2009). Versum: Audiovisual composing in 3d. In Proceedings of the 15th international conference on auditory display (ICAD-2009). Copenhagen.,2009,VR,composer,individual,composition,applicative,standalone
YARMI: an Augmented Reality Musical Instrument,"Laurenzo, T., Rodríguez, E., & Castro, J. F. (2009). YARMI: an Augmented Reality Musical Instrument. In NIME (pp. 268-269).",2009,AR,,,,,
Ambient music experience in real and virtual worlds using audio similarity,"Frank, J., Lidy, T., Peiszer, E., Genswaider, R., & Rauber, A. (2008). Ambient music experience in real and virtual worlds using audio similarity. In Proceedings of the 1st ACM international workshop on Semantic ambient media experiences (pp. 9-16).",2008,"VR, CAVE",,,,,
Designing and evaluating virtual musical instruments: facilitating conversational user interaction,"Johnston, A., Candy, L., & Edmonds, E. (2008). Designing and evaluating virtual musical instruments: facilitating conversational user interaction. Design Studies, 29(6), 556-571.",2008,VR,performers,,,,
Poster: Evolution of a theremin-based 3d-interface for music synthesis,"Geiger, C., Reckter, H., Paschke, D., & Schulz, F. (2008, March). Poster: Evolution of a theremin-based 3d-interface for music synthesis. In 2008 IEEE Symposium on 3D User Interfaces (pp. 163-164). IEEE.",2008,,,,,,
Reconstructing musical instruments in Mixed Reality,"Lukasik, E. (2008, September). Reconstructing musical instruments in Mixed Reality. In New Trends in Audio and Video/Signal Processing Algorithms, Architectures, Arrangements, and Applications SPA 2008 (pp. 201-206). IEEE.",2008,,,,enterteinment/cultural heritage,,
Tangible augmented reality,"Billinghurst, M., Kato, H., & Poupyrev, I. (2008). Tangible augmented reality. ACM SIGGRAPH ASIA, 7(2), 1-10.",2008,AR,,,,,
A multimodal augmented reality DJ music system,"Farbiz, F., Tang, K. Y., Wang, K., Ahmad, W., Manders, C., Herng, C. J., & Tan, Y. K. (2007, December). A multimodal augmented reality DJ music system. In 2007 6th International Conference on Information, Communications & Signal Processing (pp. 1-5). IEEE.",2007,AR,,,,applicative,
A virtual harp with physical string vibrations in an augmented reality environment,"Taylor, T., Smith, S., & Suh, D. (2007, January). A virtual harp with physical string vibrations in an augmented reality environment. In International Design Engineering Technical Conferences and Computers and Information in Engineering Conference (Vol. 48035, pp. 1123-1130).",2007,AR,,,,applicative,
ImaginationTOOLS: A 3D Environment for Learning and Playing Music,"Bilotta, E., Pantano, P. S., Bertacchini, F., Gabriele, L., Longo, G., Mazzeo, V., ... & Vena, S. (2007). ImaginationTOOLS: A 3D Environment for Learning and Playing Music. In Eurographics Italian Chapter Conference (Vol. 1, pp. 139-144).",2007,VR-ish,,,,,
Interactive sonification of the spatial behavior of human and synthetic characters in a mixed-reality environment,"Le Groux, S., Manzolli, J., & Verschure, P. F. M. J. (2007). Interactive sonification of the spatial behavior of human and synthetic characters in a mixed-reality environment. In Proceedings of the 10th Annual International Workshop on Presence (pp. 27-34).",2007,"VR, CAVE",,,,,
The allosphere: a large-scale immersive surround-view instrument,"Höllerer, T., Kuchera-Morin, J., & Amatriain, X. (2007, August). The allosphere: a large-scale immersive surround-view instrument. In Proceedings of the 2007 workshop on Emerging displays technologies: images and beyond: the future of displays and interacton (pp. 3-es).",2007,,,,,,
A VR interface for collaborative 3d audio performance,"Naef, M., & Collicott, D. (2006, June). A vr interface for collaborative 3d audio performance. In Proceedings of the 2006 conference on New interfaces for musical expression (pp. 57-60).",2006,VR,,,,,
CaMus: live music performance using camera phones and visual grid tracking,"Rohs, M., Essl, G., & Roth, M. (2006, June). CaMus: live music performance using camera phones and visual grid tracking. In Proceedings of the 2006 conference on New interfaces for musical expression (pp. 31-36).",2006,AR,,,,,
Musical creativity in collaborative virtual environments,"Barrass, S., & Barrass, T. (2006). Musical creativity in collaborative virtual environments. Virtual Reality, 10(2), 149-157.",2006,VR,,,,,
Support System for Guitar Playing Using Augmented Reality Display,"Motokawa, Y., & Saito, H. (2006, October). Support system for guitar playing using augmented reality display. In 2006 IEEE/ACM International Symposium on Mixed and Augmented Reality (pp. 243-244). IEEE.",2006,AR,student,individual,education,,
"The Table is The Score: An Augmented-Reality Interface for Real-Time, Tangible, Spectrographic Performance","Levin, G. (2006, November). The table is the score: An augmented-reality interface for real-time, tangible, spectrographic performance. In ICMC.",2006,AR,performers,,,,
Virtual air guitar,"Karjalainen, M., Mäki-Patola, T., Kanerva, A., & Huovilainen, A. (2006). Virtual air guitar. Journal of the Audio Engineering Society, 54(10), 964-980.",2006,AR (-ish),,,,,
Virtual environments for creative work in collaborative music-making,"Schober, M. F. (2006). Virtual environments for creative work in collaborative music-making. Virtual Reality, 10(2), 85-94.",2006,VR,performers,multi-user,,,
Virtual orchestra: An immersive computer game for fun and education,"Dillon, R., Wong, G., & Ang, R. (2006, December). Virtual orchestra: An immersive computer game for fun and education. In Proceedings of the 2006 international conference on Game research and development (pp. 215-218).",2006,VR (-ish),,,,,
Experiments with Virtual Reality Instruments.,"Mäki-Patola, T., Laitinen, J., Kanerva, A., & Takala, T. (2005, May). Experiments with virtual reality instruments. In Proceedings of the 2005 conference on New interfaces for musical expression (pp. 11-16).",2005,VR,,,,,
Mobile audio designs monkey: An audio augmented reality designer's tool,"Walker, B. N., & Stamper, K. (2005). Mobile audio designs monkey: An audio augmented reality designer's tool. Proceedings of International Conference on Auditory Display, Limerick, Ireland, July 6-9, 2005",2005,AR,,,,,
Performing Music in Virtual/Augmented Space,"Alirezaie, M., & Mendoza, J. (2005). Performing Music in Virtual/Augmented Space.",2005,"VR, AR",,,,,
Sound Navigation in PHASE installation: producing music as performing a game using haptic feedback,"Cahen, R., Rodet, X., & Lambert, J. P. (2005, November). Sound Navigation in PHASE installation: producing music as performing a game using haptic feedback. In International Conference on Virtual Storytelling (pp. 41-50). Springer, Berlin, Heidelberg.",2005,VR (-ish),,,,,
User Interface Comparison for Virtual Drums,"Mäki-Patola, T. (2005, May). User Interface Comparison for Virtual Drums. In NIME (pp. 144-147).",2005,VR,performers,individual,,,
Using music to interact with a virtual character,"Taylor, R., Torres, D., & Boulanger, P. (2005, May). Using music to interact with a virtual character. In Proceedings of the 2005 conference on New interfaces for musical expression (pp. 220-223).",2005,VR (-ish),,,,,
Virtual Reality Instruments capable of changing Dimensions in Real-time,"Gelineck, S., Böttcher, N., Martinussen, L., & Serafin, S. (2005). Virtual Reality Instruments capable of changing Dimensions in Real-time. Proceedings Enactive.",2005,VR,performers,individual,VRMI,applicative,
WAVE: Sound and music in an immersive environment,"Valbom, L., & Marcos, A. (2005). WAVE: Sound and music in an immersive environment. Computers & Graphics, 29(6), 871-881.",2005,VR,,,,,
Physics-based modeling of musical instruments for interactive virtual reality,"Karjalainen, M., & Maki-Patola, T. (2004, September). Physics-based modeling of musical instruments for interactive virtual reality. In IEEE 6th Workshop on Multimedia Signal Processing, 2004. (pp. 223-226). IEEE.",2004,VR,performers,individual,VRMI,,
The effectiveness of multiscale collaboration in virtual environments,"Zhang, X., & Furnas, G. W. (2003, April). The effectiveness of multiscale collaboration in virtual environments. In CHI'03 Extended Abstracts on Human Factors in Computing Systems (pp. 790-791).",2003,VR,,,,,
Augmented reality interface for electronic music performance,"Poupyrev, I., Berry, R., Billinghurst, M., Kato, H., Nakao, K., Baldwin, L., & Kurumisawa, J. (2001). Augmented reality interface for electronic music performance. In Proceedings of HCI (pp. 805-808).",2001,,,,,,
DeepWave: Visualizing Music with VRML,"Wagner, M. G., & Carroll, S. (2001, October). Deepwave: Visualizing music with VRML. In Proceedings Seventh International Conference on Virtual Systems and Multimedia (pp. 590-596). IEEE.",2001,VR,audience,individual,entertainment,applicative ,standalone
Augmented groove: collaborative jamming in augmented reality,"Poupyrev, I., Berry, R., Kurumisawa, J., Nakao, K., Billinghurst, M., Airola, C., ... & Baldwin, L. (2000, July). Augmented groove: Collaborative jamming in augmented reality. In ACM SIGGRAPH 2000 Conference Abstracts and Applications (Vol. 17, No. 7, p. 77).",2000,AR,performers,multi-user,performance,applicative,standalone
Eyesweb: Toward gesture and affect recognition in interactive dance and music systems,"Camurri, A., Hashimoto, S., Ricchetti, M., Ricci, A., Suzuki, K., Trocca, R., & Volpe, G. (2000). Eyesweb: Toward gesture and affect recognition in interactive dance and music systems. Computer Music Journal, 24(1), 57-69.",2000,VR,,,,,
Incorporating co-presence in distributed virtual music environment,"Jung, B., Hwang, J., Lee, S., Kim, G. J., & Kim, H. (2000, October). Incorporating co-presence in distributed virtual music environment. In Proceedings of the ACM symposium on Virtual reality software and technology (pp. 206-211).",2000,VR,,,,,
Design of Virtual 3D Instruments for Musical Interaction,"Mulder, A. G., Fels, S. S., & Mase, K. (1999, June). Design of virtual 3D instruments for musical interaction. In Graphics Interface (Vol. 99, pp. 76-83).",1999,VR,,,,,
Interactive environments for music and multimedia,"Camurri, A., & Ferrentino, P. (1999). Interactive environments for music and multimedia. Multimedia systems, 7(1), 32-47.",1999,VR,,,,,
"Manifold compositions, music visualization, and scientific sonification in an immersive virtual-reality environmen","Kaper, H. G. and Tipei, S. (1998). Manifold compositions, music visualization, and scientific sonification in an immersive virtual-reality environment (No. ANL/MCS-P720-0798). Argonne National Lab., IL (US).",1998,VR,,,,,
Sound sculpting: Performing with virtual musical instruments,"Mulder, A. G., & Fels, S. S. (1998). Sound sculpting: Performing with virtual musical instruments. In Proceedings of the fth Brazilian symposium on computer music,(Belo Horizonte, Minas Gerais, Brazil, 3-5 August 1998, during the 18th annual congres of the Brazilian computer society) (pp. 151-164).",1998,AR,,,,,
Virtual stage: a location-based karaoke system,"Sul, C. W., Lee, K. C., & Wohn, K. (1998). Virtual stage: a location-based karaoke system. IEEE multimedia, 5(2), 42-52.",1998,VR,,,,,
Some perspectives on performed sound and music in virtual environments,"Pressing, J. (1997). Some perspectives on performed sound and music in virtual environments. Presence: Teleoperators & Virtual Environments, 6(4), 482-503.",1997,VR,,,,theoretical,
DIVA virtual audio reality system,"Huopaniemi, J., Savioja, L., & Takala, T. (1996). DIVA virtual audio reality system. International Conference on Auditory Display.",1996,VR,,,,,
Sculpting 3D worlds with music: advanced texturing techniques,"Greuel, C., Bolas, M. T., Bolas, N., & McDowall, I. E. (1996, April). Sculpting 3D worlds with music: advanced texturing techniques. In Stereoscopic Displays and Virtual Reality Systems III (Vol. 2653, pp. 306-315). International Society for Optics and Photonics.",1996,VR,,,,,
Model-based interactive sound for an immersive virtual environment,"Bargar, R., Choi, I., Das, S., & Goudeseune, C. (1994). Model based interactive sound for an immersive virtual environment. In Proceedings of the International Computer Music Conference (pp. 471-471). INTERNATIONAL COMPUTER MUSIC ACCOCIATION.",1994,VR (CAVE),,,,,
Virtual musical instruments: Accessing the sound synthesis universe as a performer,"Mulder, A. (1994, August). Virtual musical instruments: Accessing the sound synthesis universe as a performer. In Proceedings of the First Brazilian Symposium on Computer Music (pp. 243-250).",1994,VR,performers,,,,
CORDIS- ANIMA: a modeling and simulation system for sound and image syn- thesis: the general formalism,"Cadoz, C., Luciani, A., & Florens, J. L. (1993). CORDIS-ANIMA: a Modeling and simulation system for sound and image synthesis: the general formalism. Computer music journal, 17(1), 19-29.",1993,VR,performer,individual,,,
Responsive environments,"Krueger, M. W. (1977). Responsive environments. In Proceedings of the June 13-16, 1977, national computer conference (pp. 423-433).",1977,AR (-ish),,,,,
